{"page":"What's the difference between book, stable-3.6 and developer version?","page_id":"23728757","share_type":"discussion","created":"2012-05-23T12:09:18-07:00","createdBy":"alanf","title":"\"What's the difference...\" page should be renamed","description":"The page title &quot;What's the difference between book, stable-3.6 and developer version?&quot; seems to be obsolete now that there are several versions of the book. The items in that list don't match the ones in the table on the &quot;History&quot; page, which seem to be current. I think &quot;What are the principal release branches of Weka?&quot; is a better title, and used this for a link, but was unable to change the name of the page itself, since I'm not an organizer.","replies":[]}