{"page":"Text categorization with Weka","page_id":"23728589","share_type":"discussion","created":"2016-03-25T13:31:51-07:00","createdBy":"IdiuosKim","title":"How to create ARFF dataSet for Multi-Labels text classification","description":"Good afternoon,<br \/>\n<br \/>\nWell, i want to perform a Multi-label text Classification, so, i choose MEKA (extension of Weka) to perform this task. However, i need to transform the document to a Vector of words, i use the GUI Weka but as you know it perform just a biary classification, for that i tend to use MEKA to perform this task, the problem is how i create an arff file with multi labels here is an example: this is the text<br \/>\n<br \/>\nThe addition of FMNH(2), to Vibrio harveyi luciferase at 2A\u00b0C in the presence of tetradecanal results in the formation of a highly fluorescent transient species with a spectral distribution indistinguishable from that of the bioluminescence. The bioluminescence reaches maximum intensity in 1.5 s and decays in a complex manner with exponential components of 10(-1) s(-1) , 7 x 10(-3)S(-1). and 7 x10(4)s(-1).<br \/>\nthe labels are:<br \/>\n<br \/>\n&quot;FM&quot;, &quot;Fl&quot;, &quot;Ki&quot;, &quot;Luc&quot;, &quot;Lum&quot;, &quot;Time Factors&quot;<br \/>\nthe result i want to get:<br \/>\n<br \/>\n@attribute L-class {Luc, Lum, Limb,...}<br \/>\n<br \/>\n@attribute F-class {FM, Fl, Foot,...}<br \/>\n<br \/>\n@attribute o-class{Ki, TimeFactors, Adult, Aged, ...}<br \/>\n<br \/>\n@attribute All_words frequency<br \/>\n<br \/>\n@data<br \/>\n<br \/>\nFM,Fl,Ki,Luc,Lum,TimeFactors,2,4,6,8,8,7,4,0,1,2,2....<br \/>\nThe acronyms are the labels, and the numbers are the Frequency of each term occuring in the text. Someone could help me, i will be really thankful.","replies":[]}