{"page":"Text categorization with Weka","page_id":"23728589","share_type":"discussion","created":"2013-01-16T14:13:47-08:00","createdBy":"shanaTaniessa","title":"Cannot handle numeric class!","description":"Hi,<br \/>\n<br \/>\nI am very new to Weka and I am testing out the text classification example:<br \/>\n<!-- ws:start:WikiTextUrlRule:10:http:\/\/weka.wikispaces.com\/file\/view\/TextCategorizationTest.java\/82917279\/TextCategorizationTest.java --><a href=\"http:\/\/weka.wikispaces.com\/file\/view\/TextCategorizationTest.java\/82917279\/TextCategorizationTest.java\">http:\/\/weka.wikispaces.com\/file\/view\/TextCategorizationTest.java\/82917279\/TextCategorizationTest.java<\/a><!-- ws:end:WikiTextUrlRule:10 --><br \/>\n<br \/>\nFor some strange reason I keep getting the error message: 'weka.classifiers.trees.j48.C45PruneableClassifierTree: Cannot handle numeric class!' and I cant seem to understand why. I have even tried feeding the classifier with the an .arff that has a single string attribute but the same message appears, although it says it cannot handle a string class. Am I missing an important link somewhere?<br \/>\n<br \/>\nCan anyone help me on this? <br \/>\n<br \/>\nThanks, <br \/>\nShana","replies":[{"user":"fracpete","created":"2013-01-16T15:20:25-08:00","body":"The StringToWordVector filter moves the class attributes, which is usually the last one, to the front. The last attribute will be most likely a word-count that the filter produced. Define the index of the class attribute to use.<br \/>\n<br \/>\nPlease use the WEKA mailing list for questions regarding WEKA.<br \/>\n<br \/>\nCheers, Peter"},{"user":"shanaTaniessa","created":"2013-01-17T12:41:46-08:00","body":"Thank Peter! <br \/>\nIts finally working. :)"}]}