{"page":"Primer","page_id":"23728367","share_type":"discussion","created":"2010-09-20T15:46:17-07:00","createdBy":"raghavk","title":"Filters in Preprocessing","description":"Hi there,<br \/>\n  I was wondering how to setup bin size in filters of preprocessing in Weka.<br \/>\n<br \/>\n  I was also wondering what are the diffferent types of bins?<br \/>\n<br \/>\n  Plz help me. very urgent<br \/>\n<br \/>\nThankyou.","replies":[{"user":"fracpete","created":"2010-09-22T10:10:08-07:00","body":"Please use the WEKA mailing list (see link on the left hand side) for questions regarding WEKA. This wiki here is merely for documentation purposes. NB I'll be deleting this post again in the near future.<br \/>\n<br \/>\nCheers, Peter"}]}