<?xml version="1.0" encoding="UTF-8"?>
<!--
	This configuration file was written by the eclipse-cs plugin configuration editor
-->
<!--
Checkstyle-Configuration: Javadoc
Description:
Javadoc checker
-->
<!DOCTYPE module PUBLIC "-//Puppy Crawl//DTD Check Configuration 1.2//EN" "http://www.puppycrawl.com/dtds/configuration_1_2.dtd">
<module name="Checker">
    <property name="severity" value="warning"/>
    <module name="TreeWalker">
        <module name="JavadocMethod"/>
        <module name="JavadocType"/>
        <module name="JavadocVariable"/>
        <module name="JavadocStyle">
            <property name="checkFirstSentence" value="false"/>
        </module>
    </module>
    <module name="PackageHtml">
        <property name="severity" value="ignore"/>
    </module>
</module>
